{"cameraMode":{"drawMode":0,"name":"Shaded","section":"Shading Mode"},"sceneLighting":true,"audioPlay":false,"sceneViewState":{"showFog":true,"showMaterialUpdate":false,"showSkybox":true,"showFlares":true,"showImageEffects":true,"showParticleSystems":true},"in2DMode":false,"pivot":{"x":-0.8068515062332153,"y":4.291447639465332,"z":2.4378411769866945},"rotation":{"x":0.034052927047014239,"y":-0.6466973423957825,"z":-0.028919311240315439,"w":-0.7614461183547974},"size":4.666905879974365,"orthographic":false}